Workbook

Sheet Pendientes - Contrato
A1: Region | B1: Asset | C1: Purch. Org. - Text | D1: Vendor(VN) - Key | E1: Vendor(VN) - Text | F1: IncoTerms - Key | G1: Inco term: Additional Information - Text | H1: Purchase Document Item No. - Key | I1: Purch. Group - Key | J1: Contract (Outline Agreement) No - Key | K1: Material - Key | L1: Material - Text | M1: Purchase Document Number - Key | N1: PO Item Quantity Order UOM | O1: Purch. Item Category - Text | P1: Indicator : Delivery Completion - Key | Q1: PO Document Date - Key | R1: Date : Calculated Delivery - Key | S1: Date: First GR Posting - Key | T1: Date: PO Statistical Delv - Key | U1: Date : PO Change - Key | V1: No. of PO Schd Line | W1: Count of DIFOT | X1: DIFOT% | Y1: SEMANA | Z1: MES | AA1: DELIVERY | AB1: DEADLINE | AC1: PERFORMANCE | AD1: AÑO | AE1: Cumple con entrega (SI o NO) | AF1: Causa raiz en caso de fallo (seleccionar lo que aplica) | AG1: Comentarios | AH1: Nueva fecha de entrega (dd/mm/yyyy)

Sheet Resumen - Contrato
B1: DIFOT MENSUAL - CONTRATO
B3: Contract (Outline Agreement) No - Key | C3: (Multiple Items) | R3: Semana | S3: PO Pendiente | T3: Compromiso lineas | U3: Compromiso prov. % | V3: Oportunidad Real
R4: SEM 33 | S4: =COUNTIF('Pendientes - Contrato'!$Y:AE,R4) | T4: =S4-(COUNTIFS('Pendientes - Contrato'!$Y:AD,R4,'Pendientes - Contrato'!$AE:AJ,"no")) | U4: =T4/$K$16 | V4: =$K$20+U4
B5: Sum of No. of PO Schd Line | D5: Column Labels | R5: SEM 34 | S5: =COUNTIF('Pendientes - Contrato'!$Y:AE,R5) | T5: =S5-(COUNTIFS('Pendientes - Contrato'!$Y:AD,R5,'Pendientes - Contrato'!$AE:AJ,"no")) | U5: =T5/$K$16 | V5: =$K$20+U5
D6: 2026 | P6: Total | R6: SEM 35 | S6: =COUNTIF('Pendientes - Contrato'!$Y:AE,R6) | T6: =S6-(COUNTIFS('Pendientes - Contrato'!$Y:AD,R6,'Pendientes - Contrato'!$AE:AJ,"no")) | U6: =T6/$K$16 | V6: =$K$20+U6
B7: Row Labels | C7: DELIVERY | D7: Jan | E7: Feb | F7: Mar | G7: Apr | H7: May | I7: Jun | J7: Jul | K7: Aug | L7: Sep | M7: Oct | N7: Nov | O7: Dec | R7: SEM 36 | S7: =COUNTIF('Pendientes - Contrato'!$Y:AE,R7) | T7: =S7-(COUNTIFS('Pendientes - Contrato'!$Y:AD,R7,'Pendientes - Contrato'!$AE:AJ,"no")) | U7: =T7/$K$16 | V7: =$K$20+U7
B8: NOK | C8: COMPLETA | D8: 13 | E8: 6 | F8: 4 | G8: 11 | H8: 6 | I8: 3 | J8: 2 | P8: 45 | R8: SEM 37 | S8: =COUNTIF('Pendientes - Contrato'!$Y:AE,R8) | T8: =S8-(COUNTIFS('Pendientes - Contrato'!$Y:AD,R8,'Pendientes - Contrato'!$AE:AJ,"no")) | U8: =T8/$K$16 | V8: =$K$20+U8
C9: PARCIAL | K9: 2 | P9: 2 | R9: Total | S9: =SUM(S4:S8) | T9: =SUM(T4:T8) | U9: =T9/$K$16 | V9: =$K$20+U9
C10: PENDIENTE | J10: 1 | K10: 2 | P10: 3
B11: NOK Total | D11: 13 | E11: 6 | F11: 4 | G11: 11 | H11: 6 | I11: 3 | J11: 3 | K11: 4 | P11: 50
B12: OK | C12: COMPLETA | D12: 95 | E12: 111 | F12: 88 | G12: 115 | H12: 141 | I12: 97 | J12: 70 | K12: 99 | L12: 14 | M12: 1 | P12: 831
C13: PARCIAL | K13: 2 | M13: 1 | P13: 3
C14: PENDIENTE | K14: 18 | L14: 58 | M14: 31 | N14: 28 | O14: 5 | P14: 140
B15: OK Total | D15: 95 | E15: 111 | F15: 88 | G15: 115 | H15: 141 | I15: 97 | J15: 70 | K15: 119 | L15: 72 | M15: 33 | N15: 28 | O15: 5 | P15: 974
B16: Total | D16: 108 | E16: 117 | F16: 92 | G16: 126 | H16: 147 | I16: 100 | J16: 73 | K16: 123 | L16: 72 | M16: 33 | N16: 28 | O16: 5 | P16: 1024
B18: Resultados | D18: =D7 | E18: =E7 | F18: =F7 | G18: =G7 | H18: =H7 | I18: =I7 | J18: =J7 | K18: =K7 | ... O18: =O7 | P18: =P6
B19: META | D19: 0.94 | E19: 0.94 | F19: 0.94 | G19: 0.94 | H19: 0.94 | I19: 0.94 | J19: 0.94 | K19: 0.94 | L19: 0.94 | M19: 0.94 | N19: 0.94 | O19: 0.94 | P19: 0.94
B20: OK | D20: =D12/D16 | E20: =E12/E16 | F20: =F12/F16 | G20: =G12/G16 | H20: =H12/H16 | I20: =I12/I16 | J20: =J12/J16 | K20: =K12/K16 | ... P20: =P12/P16
B21: NOK | D21: =D11/D16 | E21: =E11/E16 | F21: =F11/F16 | G21: =G11/G16 | H21: =H11/H16 | I21: =I11/I16 | J21: =J11/J16 | K21: =K11/K16 | ... P21: =P11/P16
B22: EN PROCESO | D22: =(D13+D14)/D16 | E22: =(E13+E14)/E16 | F22: =(F13+F14)/F16 | G22: =(G13+G14)/G16 | H22: =(H13+H14)/H16 | I22: =(I13+I14)/I16 | J22: =(J13+J14)/J16 | K22: =(K13+K14)/K16 | ... P22: =(P13+P14)/P16
B23: OPORTUNIDAD | D23: =D20+D22 | E23: =E20+E22 | F23: =F20+F22 | G23: =G20+G22 | H23: =H20+H22 | I23: =I20+I22 | J23: =J20+J22 | K23: =K20+K22 | ... P23: =P20+P22

Sheet Resumen - Todo
B1: DIFOT - CONTRATO/FUERA DE CONTRATO
B3: Contract (Outline Agreement) No - Key | C3: (All)
B5: Sum of No. of PO Schd Line | D5: Column Labels
D6: 2026 | P6: Total
B7: Row Labels | C7: DELIVERY | D7: Jan | E7: Feb | F7: Mar | G7: Apr | H7: May | I7: Jun | J7: Jul | K7: Aug | L7: Sep | M7: Oct | N7: Nov | O7: Dec
B8: NOK | C8: COMPLETA | D8: 14 | E8: 12 | F8: 5 | G8: 11 | H8: 6 | I8: 3 | J8: 2 | K8: 1 | P8: 54
C9: PARCIAL | K9: 2 | P9: 2
C10: PENDIENTE | J10: 1 | K10: 3 | P10: 4
B11: NOK Total | D11: 14 | E11: 12 | F11: 5 | G11: 11 | H11: 6 | I11: 3 | J11: 3 | K11: 6 | P11: 60
B12: OK | C12: COMPLETA | D12: 107 | E12: 117 | F12: 96 | G12: 129 | H12: 155 | I12: 105 | J12: 84 | K12: 109 | L12: 14 | M12: 1 | P12: 917
C13: PARCIAL | K13: 2 | L13: 1 | M13: 1 | P13: 4
C14: PENDIENTE | K14: 19 | L14: 66 | M14: 38 | N14: 35 | O14: 5 | P14: 163
B15: OK Total | D15: 107 | E15: 117 | F15: 96 | G15: 129 | H15: 155 | I15: 105 | J15: 84 | K15: 130 | L15: 81 | M15: 40 | N15: 35 | O15: 5 | P15: 1084
B16: Total | D16: 121 | E16: 129 | F16: 101 | G16: 140 | H16: 161 | I16: 108 | J16: 87 | K16: 136 | L16: 81 | M16: 40 | N16: 35 | O16: 5 | P16: 1144
B18: Resultados | D18: =D7 | E18: =E7 | F18: =F7 | G18: =G7 | H18: =H7 | I18: =I7 | J18: =J7 | K18: =K7 | ... O18: =O7 | P18: =P6
B19: META | D19: 0.94 | E19: 0.94 | F19: 0.94 | G19: 0.94 | H19: 0.94 | I19: 0.94 | J19: 0.94 | K19: 0.94 | L19: 0.94 | M19: 0.94 | N19: 0.94 | O19: 0.94 | P19: 1.94
B20: OK | D20: =D12/D16 | E20: =E12/E16 | F20: =F12/F16 | G20: =G12/G16 | H20: =H12/H16 | I20: =I12/I16 | J20: =J12/J16 | K20: =K12/K16 | ... P20: =P12/P16
B21: NOK | D21: =D11/D16 | E21: =E11/E16 | F21: =F11/F16 | G21: =G11/G16 | H21: =H11/H16 | I21: =I11/I16 | J21: =J11/J16 | K21: =K11/K16 | ... P21: =P11/P16
B22: EN PROCESO | D22: =(D13+D14)/D16 | E22: =(E13+E14)/E16 | F22: =(F13+F14)/F16 | G22: =(G13+G14)/G16 | H22: =(H13+H14)/H16 | I22: =(I13+I14)/I16 | J22: =(J13+J14)/J16 | K22: =(K13+K14)/K16 | ... P22: =(P13+P14)/P16
B23: OPORTUNIDAD | D23: =D20+D22 | E23: =E20+E22 | F23: =F20+F22 | G23: =G20+G22 | H23: =H20+H22 | I23: =I20+I22 | J23: =J20+J22 | K23: =K20+K22 | ... P23: =P20+P22

Sheet Data
A1: Region | B1: Asset | C1: Purch. Org. - Text | D1: Vendor(VN) - Key | E1: Vendor(VN) - Text | F1: IncoTerms - Key | G1: Inco term: Additional Information - Text | H1: Purchase Document Item No. - Key | I1: Purch. Group - Key | J1: Contract (Outline Agreement) No - Key | K1: Material - Key | L1: Material - Text | M1: Purchase Document Number - Key | N1: PO Item Quantity Order UOM | O1: Purch. Item Category - Text | P1: Indicator : Delivery Completion - Key | Q1: PO Document Date - Key | R1: Date : Calculated Delivery - Key | S1: Date: First GR Posting - Key | T1: Date: PO Statistical Delv - Key | U1: Date : PO Change - Key | V1: No. of PO Schd Line | W1: Count of DIFOT | X1: DIFOT% | Y1: SEMANA | Z1: MES | AA1: DELIVERY | AB1: DEADLINE | AC1: PERFORMANCE | AD1: AÑO
